트레이너	noun	trainer
갖다	verb	to have, to hold
올리다	verb	to raise, to put up
마비	noun	paralysis
무지개	noun	rainbow
체력	noun	stamina; HP
사용법	noun	how to use; instructions
도망치다	verb	to run away, to flee
아저씨	noun	mister; middle-aged man
스피드	noun	speed
멋지다	adjective	cool, wonderful
격투	noun	fighting, combat
레벨	noun	level
입다	verb	to wear; to suffer (damage)
부탁	noun	request, favor
파워	noun	power
센터	noun	center (Pokémon Center)
어떻게	adverb	how
읽다	verb	to read
리포트	noun	report (save file)
위력	noun	power, might (of a move)
누르다	verb	to press, to push
잠들다	verb	to fall asleep
싫다	adjective	to dislike; unpleasant
빠지다	verb	to fall into; to drop out
보내다	verb	to send
대하다	verb	to face; to treat (someone)
타운	noun	town
게시판	noun	bulletin board
엄청	adverb	hugely, extremely
소리	noun	sound, noise
보스	noun	boss
그만두다	verb	to quit, to stop
뉴스	noun	news
기운	noun	energy, vigor
데리다	verb	to take along (a person or Pokémon)
수영	noun	swimming
노력	noun	effort
기록	noun	record
이용	noun	use, utilization
비행	noun	flight, flying
인정	noun	recognition, acknowledgment
얘기	noun	talk, story
제대로	adverb	properly
재료	noun	ingredient, material
새롭다	adjective	new, fresh
고스트	noun	ghost
꺼내다	verb	to take out
플레이	noun	play
발사	noun	firing, launch
이렇게	adverb	like this, this way
열다	verb	to open
그리다	verb	to draw
으깨다	verb	to crush, to mash
자랑	noun	pride; boasting
열쇠	noun	key
열심히	adverb	hard, diligently
마니아	noun	maniac, enthusiast
강연	noun	lecture, talk
이야기	noun	story, talk
빛나다	verb	to shine
작성	noun	writing, drawing up
종료	noun	end, termination
당하다	verb	to suffer, to be subjected to
파다	verb	to dig
실력	noun	ability, skill
즐기다	verb	to enjoy
내보내다	verb	to send out
미래	noun	future
베다	verb	to cut, to slash
유령	noun	ghost
덕분	noun	thanks to (a favor)
내용	noun	content
맛있다	adjective	delicious
유적	noun	ruins, historic remains
포인트	noun	point
피리	noun	flute, pipe
불다	verb	to blow; to play (a wind instrument)
기절	noun	fainting
전송	noun	transfer
풀숲	noun	tall grass
넘치다	verb	to overflow
연구소	noun	research lab
슬슬	adverb	slowly; soon, gradually
어쩌다	adverb	by chance; how come
세상	noun	world
나중	noun	later
기억	noun	memory
붙다	verb	to stick; to be attached
편지	noun	letter
연결	noun	connection
채팅	noun	chat
끝나다	verb	to end
잠시	noun	a moment, briefly
내뿜다	verb	to spew, to emit
준비	noun	preparation
들이다	verb	to let in; to spend (time, effort)
고대	noun	ancient times
방해	noun	interference, disturbance
백화점	noun	department store
상성	noun	type matchup
부디	adverb	please, by all means
힘내다	verb	to cheer up; to do one's best
원장	noun	director (of an institution)
선물	noun	present, gift
보라	noun	purple
지나다	verb	to pass, to go by
착하다	adjective	good-natured, kind
때리다	verb	to hit, to strike
별명	noun	nickname
사이클링	noun	cycling
케이스	noun	case
쓰러지다	verb	to collapse, to fall down
요즘	noun	these days
곤란	noun	trouble, difficulty
연락	noun	contact
어서	adverb	quickly; please (welcome)
현재	noun	present, now
먼저	adverb	first, before
답례	noun	return gift, token of thanks
조심	noun	caution, care
슈퍼	noun	super
미안	noun	sorry
수행	noun	training, ascetic practice
페이지	noun	page
실패	noun	failure
명중률	noun	accuracy (hit rate)
폭포	noun	waterfall
맞추다	verb	to match; to hit (a target)
먹잇감	noun	prey
리더	noun	leader
프린트	noun	print
전투	noun	battle
어린애	noun	little child
본사	noun	head office
소란	noun	commotion, fuss
환영	noun	welcome
인형	noun	doll
화산	noun	volcano
엄마	noun	mom
온천	noun	hot spring
클럽	noun	club
점프	noun	jump
일어나다	verb	to get up; to happen
조각	noun	piece, shard
특집	noun	special feature
분하다	adjective	vexed, frustrated
찾아보다	verb	to look for, to look up
건강	noun	health
잔뜩	adverb	a lot, fully
낚싯대	noun	fishing rod
편리	noun	convenience
도전	noun	challenge
사장	noun	company president
기쁘다	adjective	glad, happy
좀처럼	adverb	rarely, hardly
정체	noun	true identity
경비원	noun	security guard
다루다	verb	to handle
간판	noun	signboard
흉내	noun	imitation, mimicry
풀리다	verb	to be undone; to be solved
일으키다	verb	to cause; to raise
이빨	noun	tooth, fang
도장	noun	dojo
접속	noun	connection (link)
최대	noun	maximum
멤버	noun	member
향기	noun	fragrance, scent
금방	adverb	soon, right away
주의	noun	caution, attention
항구	noun	harbor, port
데이터	noun	data
목표	noun	goal, target
건물	noun	building
동생	noun	younger sibling
분명	noun	certainty; clearly
튀어나오다	verb	to jump out, to pop out
드디어	adverb	finally
창고	noun	warehouse
주머니	noun	pocket, pouch
적히다	verb	to be written
할머니	noun	grandmother
연습	noun	practice
서식	noun	habitat, living
슬롯	noun	slot
게이트	noun	gate
멈추다	verb	to stop
가져오다	verb	to bring
석실	noun	stone chamber
어댑터	noun	adapter
대답	noun	answer, reply
망원경	noun	telescope
줄이다	verb	to reduce
부딪치다	verb	to bump into, to crash
찌르다	verb	to stab, to poke
마지막	noun	last, final
기세	noun	momentum, vigor
스코프	noun	scope
모처럼	adverb	for once, after a long time
계시다	verb	to be (honorific)
펼치다	verb	to unfold; to carry out
확인	noun	confirmation, check
로켓	noun	rocket
형제	noun	brothers, siblings
포기	noun	giving up
가져가다	verb	to take away
승리	noun	victory
생물	noun	living thing
덤비다	verb	to come at, to challenge
사랑	noun	love
사라지다	verb	to disappear
아무래도	adverb	it seems; after all
부수다	verb	to break, to smash
방법	noun	method
회피	noun	evasion
데려가다	verb	to take (someone) along
성실	noun	sincerity, diligence
신경	noun	nerves; attention
별로	adverb	not particularly
똑같다	adjective	exactly the same
언젠가	adverb	someday
인사	noun	greeting
왼쪽	noun	left side
영매	noun	spirit medium (Channeler)
보통	noun	usual, ordinary
상황	noun	situation
개최	noun	holding (an event)
용돈	noun	pocket money, allowance
호화	noun	luxury
깎다	verb	to cut, to shave; to lower
삼다	verb	to make (something) into
닮다	verb	to resemble
통로	noun	passage, corridor
비추다	verb	to shine on, to light up
부딪히다	verb	to be bumped, to collide
기계	noun	machine
빌딩	noun	building
구하다	verb	to save, to rescue; to seek
채우다	verb	to fill
소녀	noun	girl
줄어들다	verb	to decrease, to shrink
정신	noun	mind, spirit
방식	noun	method, way
부리다	verb	to show (a trait); to handle
횃불	noun	torch
취미	noun	hobby
응원	noun	cheering, support
패스	noun	pass
얼마나	adverb	how much, how
어리다	adjective	young
서두르다	verb	to hurry
햇살	noun	sunlight, sunbeam
그룹	noun	group
행복	noun	happiness
공격력	noun	attack power
생명체	noun	living creature
일격	noun	a single blow
좌우	noun	left and right
명중	noun	hit (on target)
불러들이다	verb	to call back (a Pokémon)
흩뿌리다	verb	to scatter
담다	verb	to put in, to fill
손님	noun	guest, customer
파티	noun	party
싸움	noun	fight
다행	noun	good fortune, relief
잃다	verb	to lose
힌트	noun	hint
마음껏	adverb	to one's heart's content
안쪽	noun	inside, inner part
혹시	adverb	by any chance
실은	adverb	actually, in fact
볼일	noun	errand, business
그다지	adverb	not very
힘껏	adverb	with all one's might
특별	noun	special
시끄럽다	adjective	noisy
보답	noun	repayment, reward
폭발	noun	explosion
보물	noun	treasure
괴롭다	adjective	painful, distressing
행동	noun	action, behavior
움직임	noun	movement
산책	noun	walk, stroll
구슬	noun	bead, orb
핑크	noun	pink
전국	noun	the whole country; national
가르다	verb	to split, to divide
파랗다	adjective	blue
퍼지다	verb	to spread
호박	noun	amber; pumpkin
소령	noun	major (military rank)
여성	noun	woman
초능력	noun	psychic power
붙이다	verb	to attach, to stick on
콘테스트	noun	contest
수수께끼	noun	riddle, mystery
정리	noun	arrangement, tidying
더블	noun	double
대기	noun	waiting; atmosphere
영양	noun	nutrition
발생	noun	occurrence
뾰족	adverb	pointedly (뾰족하다: pointed)
손톱	noun	fingernail, claw
음식	noun	food
거절	noun	refusal
빠져나가다	verb	to slip out, to escape
각지	noun	all regions, everywhere
동경	noun	longing, admiration
질리다	verb	to be fed up, to tire of
물고기	noun	fish
쓰러뜨리다	verb	to knock down, to defeat
남동생	noun	younger brother
숨기다	verb	to hide
용서	noun	forgiveness
노리다	verb	to aim at
존재	noun	existence
넘기다	verb	to hand over; to turn (a page)
마스터	noun	master
최강	noun	the strongest
차례	noun	turn, order
의미	noun	meaning
가까이	adverb	nearby, close
구르다	verb	to roll
영혼	noun	soul, spirit
아지트	noun	hideout
느낌	noun	feeling
튀다	verb	to bounce, to splash
늘리다	verb	to increase
시스템	noun	system
건네다	verb	to hand over
건너편	noun	the other side
오른쪽	noun	right side
퀴즈	noun	quiz
마침	adverb	just in time, as it happens
네트워크	noun	network
지난번	noun	last time
반바지	noun	shorts
데려오다	verb	to bring (someone)
존경	noun	respect
컬렉션	noun	collection
발전소	noun	power plant
낚이다	verb	to be caught (fishing)
공원	noun	park
오빠	noun	older brother (said by a girl)
무리	noun	unreasonableness; overdoing it
도중	noun	on the way, midway
부리	noun	beak
증표	noun	token, proof
예쁘다	adjective	pretty
얌전히	adverb	quietly, well-behaved
공중	noun	midair
해제	noun	release, cancellation
시합	noun	match, game
사진	noun	photo
가능	noun	possibility
내기	noun	bet
의하다	verb	to be due to, to be based on
십자	noun	cross
특성	noun	ability; characteristic
싱글	noun	single
프로필	noun	profile
녹다	verb	to melt
씨앗	noun	seed
상대방	noun	opponent, the other party
집게	noun	pincers, tongs
잎사귀	noun	leaf
특정	noun	specific
의지	noun	will, determination
놀라다	verb	to be surprised
안심	noun	relief, peace of mind
분명히	adverb	clearly, certainly
지면	noun	ground, surface
보조	noun	assistance
장사	noun	strongman; business
졸음	noun	drowsiness
무사히	adverb	safely
장치	noun	device
패배	noun	defeat
정점	noun	peak, summit
몰래	adverb	secretly
훔치다	verb	to steal
일단	adverb	first of all, for now
착각	noun	misunderstanding, illusion
부들부들	adverb	trembling
부끄럽다	adjective	embarrassed, shy
갚다	verb	to repay
날뛰다	verb	to run wild
절대	adverb	absolutely, never
선생	noun	teacher
휴식	noun	rest
서쪽	noun	west
돌멩이	noun	pebble, stone
그야	adverb	of course, naturally
천하제일	noun	the best under heaven
날아오다	verb	to come flying
방황	noun	wandering
패스워드	noun	password
옥상	noun	rooftop
접수처	noun	reception desk
수고	noun	trouble, effort
과학	noun	science
더욱	adverb	even more
참고	noun	reference
제품	noun	product
운동	noun	exercise
경품	noun	prize, giveaway
맞히다	verb	to hit (a target)
해결	noun	solution
실망	noun	disappointment
아무것	noun	anything, nothing
들키다	verb	to be caught, to be found out
공부	noun	study
켜다	verb	to turn on
컨디션	noun	condition, shape
후회	noun	regret
찾아오다	verb	to come to see, to visit
프로	noun	pro, professional
유행	noun	trend, fashion
로망	noun	romance, dream
수풀	noun	bush, thicket
아줌마	noun	ma'am; middle-aged woman
조류	noun	birds (class)
깃털	noun	feather
놓이다	verb	to be placed
우주	noun	space, universe
사정	noun	circumstances
친하다	adjective	close, friendly
방송	noun	broadcast
녹이다	verb	to melt, to thaw
암석	noun	rock
유도	noun	judo; guidance
부적	noun	charm, amulet
마르다	verb	to dry; to be thin
둘러싸이다	verb	to be surrounded
망가지다	verb	to break down
양분	noun	nutrients
불타다	verb	to burn
사범	noun	instructor (martial arts)
걸어오다	verb	to walk toward; to start (a conversation)
여기저기	noun	here and there
거대	noun	huge, giant
무승부	noun	draw, tie
진행	noun	progress
조작	noun	operation, controls
일람	noun	list, overview
수치	noun	numerical value
상금	noun	prize money
횟수	noun	number of times
케이블	noun	cable
에러	noun	error
조합	noun	combination
스탬프	noun	stamp
랭킹	noun	ranking
접촉	noun	contact
주위	noun	surroundings
덮치다	verb	to pounce on
분신	noun	double, clone
휘두르다	verb	to swing, to wield
진흙	noun	mud
전신	noun	whole body
보석	noun	jewel
세포	noun	cell
울음	noun	crying; cry
빙글빙글	adverb	round and round
사막	noun	desert
음색	noun	tone (of sound)
드링크	noun	drink
미확인	noun	unconfirmed, unidentified
돌아다니다	verb	to wander around
사양	noun	declining (politely)
놀랍다	adjective	surprising, amazing
어슬렁거리다	verb	to prowl, to hang around
조개	noun	shellfish, clam
뱃멀미	noun	seasickness
화내다	verb	to get angry
인원수	noun	number of people
젊은이	noun	young person
생각나다	verb	to come to mind
목적	noun	purpose
엘리베이터	noun	elevator
본부	noun	headquarters
어차피	adverb	anyway, after all
예전	noun	the old days, before
자식	noun	child, offspring
잠금장치	noun	lock
점령	noun	occupation, takeover
중지	noun	stop, suspension
스위치	noun	switch
각오	noun	resolve, readiness
아끼다	verb	to cherish; to save
볼품없다	adjective	shabby, unsightly
조련사	noun	tamer, trainer (of animals)
벌써	adverb	already
애정	noun	affection
오래	adverb	long (time)
당장	adverb	right now, immediately
지도	noun	map
흐름	noun	flow, current
난동	noun	rampage, disturbance
대체	adverb	on earth (in questions)
버티다	verb	to endure, to hold out
엿듣다	verb	to eavesdrop
굳다	verb	to harden
흐르다	verb	to flow
안경	noun	glasses
금지	noun	prohibition
밤하늘	noun	night sky
쇼핑	noun	shopping
보관	noun	storage, keeping
흥미	noun	interest
탄생	noun	birth
열혈	noun	hot-bloodedness, passion
반짝이다	verb	to twinkle, to sparkle
팬클럽	noun	fan club
청년	noun	young man
천천히	adverb	slowly
절대로	adverb	absolutely (not)
마주치다	verb	to run into, to encounter
아침	noun	morning
부화	noun	hatching
특훈	noun	special training
산길	noun	mountain path
바보	noun	fool
포즈	noun	pose
바뀌다	verb	to change, to be changed
환상	noun	fantasy; phantom
억지로	adverb	forcibly
빼앗다	verb	to take away, to rob
그치다	verb	to stop (rain etc.)
흘리다	verb	to spill; to shed
영역	noun	territory
춥다	adjective	cold
최선	noun	one's best
부럽다	adjective	envious
예감	noun	premonition, hunch
전환	noun	switch, conversion
굉장히	adverb	very, extremely
치료제	noun	remedy, cure
저리다	adjective	numb, tingling
건드리다	verb	to touch, to provoke
인하다	verb	to be caused by
신청	noun	application, request
커지다	verb	to grow bigger
그림자	noun	shadow
탁하다	adjective	muddy, murky
걸어가다	verb	to walk (away)
깨지다	verb	to break, to shatter
꿀꺽꿀꺽	adverb	gulp gulp
표시	noun	display, indication
조정	noun	adjustment
집사	noun	butler
춤추다	verb	to dance
목소리	noun	voice
들려주다	verb	to tell, to let (someone) hear
설정	noun	setting
관계	noun	relationship
다가가다	verb	to approach
반동	noun	recoil
안개	noun	fog
압정	noun	thumbtack
무척	adverb	very
촉수	noun	tentacle
인용	noun	quotation
특이	noun	unusual, peculiar
데미지	noun	damage
경험치	noun	experience points (EXP)
주식회사	noun	corporation, Co., Ltd.
스프레이	noun	spray
전용	noun	exclusive use
전단지	noun	flyer, leaflet
